Name,Surname,Email
Name1,Surname1,email1@email.com
Name2,Surname2,email1@email.com
Name3,Surname3,email2@email.com
Name4,Surname4,email3@email.com
Name5,Surname5,email3@email.com
Name6,Surname6,email3@email.com
Name7,Surname7,email4@email.com
Name8,Surname8,email5@email.com
Name9,Surname9,email6@email.com
Name10,Sur name10,email7@email.com
Name11,Surname11,email7@email.com
Name12,"Sur""name12",email8@email.com
Name13,Surname13,email8@email.com
Name14,Surname14,email8@email.com
Name15,Surname15,email8@email.com
Name16,Surname16,email8@email.com
Name17,Surname17,email9@email.com
